"","timeframe","subreddit","n.x","n.y","inverse","n_norm"
"1",0,"Braincels",2650,2680,0.000373134328358209,0.988805970149254
"2",1,"Braincels",360,1516,0.000659630606860158,0.237467018469657
"3",1,"Celouts",488,1516,0.000659630606860158,0.321899736147757
"4",1,"DepressedVirgins",121,1516,0.000659630606860158,0.0798153034300792
"5",1,"IncelsWithoutHate",198,1516,0.000659630606860158,0.130606860158311
"6",1,"shortcels",115,1516,0.000659630606860158,0.0758575197889182
"7",2,"IncelsWithoutHate",121,1004,0.00099601593625498,0.120517928286853
"8",2,"shortcels",148,1004,0.00099601593625498,0.147410358565737
"9",3,"IncelsWithoutHate",81,927,0.00107874865156419,0.087378640776699
"10",3,"Pirateparadise",92,927,0.00107874865156419,0.0992448759439051
"11",3,"shortcels",158,927,0.00107874865156419,0.170442286947141
"12",4,"IncelsWithoutHate",72,890,0.00112359550561798,0.0808988764044944
"13",4,"shortcels",204,890,0.00112359550561798,0.229213483146067
"14",5,"shortcels",235,829,0.00120627261761158,0.283474065138721
"15",6,"shortcels",234,794,0.00125944584382872,0.294710327455919
"16",7,"IncelsWithoutHate",123,743,0.00134589502018843,0.165545087483176
"17",8,"IncelsWithoutHate",127,704,0.00142045454545455,0.180397727272727
"18",9,"IncelsWithoutHate",93,617,0.00162074554294976,0.150729335494327
"19",9,"Shortcells",63,617,0.00162074554294976,0.102106969205835
"20",10,"IncelsWithoutHate",114,560,0.00178571428571429,0.203571428571429
"21",10,"Shortcells",42,560,0.00178571428571429,0.075
"22",11,"IncelsWithoutHate",104,563,0.00177619893428064,0.184724689165187
"23",12,"IncelsWithoutHate",105,502,0.00199203187250996,0.209163346613546
"24",13,"IncelsWithoutHate",93,443,0.00225733634311512,0.209932279909707
"25",14,"IncelsWithoutHate",81,415,0.00240963855421687,0.195180722891566
"26",15,"IncelsWithoutHate",80,413,0.00242130750605327,0.193704600484261
"27",16,"IncelsWithoutHate",77,406,0.00246305418719212,0.189655172413793
"28",17,"IncelsWithoutHate",57,350,0.00285714285714286,0.162857142857143
"29",17,"wallstreetbets",47,350,0.00285714285714286,0.134285714285714
"30",18,"IncelsWithoutHate",70,325,0.00307692307692308,0.215384615384615
